cod,descricao,classe,classe_disponibilidade
01,Setup,SETUP,IMPRODUTIVO
02,ACERTO de Cores,INICIALIZAÇÃO,IMPRODUTIVO
03,Problemas com Tintas,IMPRODUTIVO,IMPRODUTIVO
04,Refeição Autorizada,INATIVIDADE,PLANEJADO
05,Falta de Operador,IMPRODUTIVO,IMPRODUTIVO
06,Aguardando Clicheria / Cilindro,IMPRODUTIVO,IMPRODUTIVO
07,Clicheria Retrabalho,IMPRODUTIVO,IMPRODUTIVO
09,Manutenção Preventiva/Preditiva,INATIVIDADE,PLANEJADO
10,Parada Mecanica Outros,IMPRODUTIVO,IMPRODUTIVO
11,Parada Elétrica Outros,IMPRODUTIVO,IMPRODUTIVO
12,Falta Energia/Ar Comprimido,IMPRODUTIVO,IMPRODUTIVO
13,Defeito Matéria Prima,IMPRODUTIVO,IMPRODUTIVO
14,Falta Matéria Prima,INATIVIDADE,PLANEJADO
15,Falta de Programação/Pedidos,INATIVIDADE,PLANEJADO
16,Aguard. Mat. outra Máq.,INATIVIDADE,PLANEJADO
17,ACERTO Aprovação,SETUP,IMPRODUTIVO
20,Produzindo,PRODUZINDO,PRODUZINDO
21,Parada não info. Acerto,IMPRODUTIVO,IMPRODUTIVO
22,Parada não inf. Produzindo,IMPRODUTIVO,IMPRODUTIVO
23,Aguard. Inf. Operador,IMPRODUTIVO,IMPRODUTIVO
24,Prolema c/ Faca ou Doc. Blade,IMPRODUTIVO,IMPRODUTIVO
25,Troca de Bobina,IMPRODUTIVO,IMPRODUTIVO
26,Quebra/Enrolamento/Encanoa. Material,IMPRODUTIVO,IMPRODUTIVO
27,Fazendo Emenda,IMPRODUTIVO,IMPRODUTIVO
28,Desvio Troca Anilox / Cilindro,IMPRODUTIVO,IMPRODUTIVO
29,Limpeza Semanal,IMPRODUTIVO,IMPRODUTIVO
30,Registro Kg Produzido,INATIVIDADE,PLANEJADO
31,Lançamento de Solv. Less,INATIVIDADE,PLANEJADO
32,Troca de Lâmina/ Faca,IMPRODUTIVO,IMPRODUTIVO
33,Aprovação Produção,IMPRODUTIVO,IMPRODUTIVO
34,Aguard. tempo de cura,INATIVIDADE,PLANEJADO
35,Reunião com Equipes,INATIVIDADE,PLANEJADO
36,Troca do aplicador de adesivo ou HM,IMPRODUTIVO,IMPRODUTIVO
37,Limpeza Não Programada,IMPRODUTIVO,IMPRODUTIVO
38,ACERTO Manutenção,SETUP,IMPRODUTIVO
39,Fechamento de OP,IMPRODUTIVO,IMPRODUTIVO
40,Refugo por Operador,INATIVIDADE,PLANEJADO
41,Embalando,INATIVIDADE,PLANEJADO
42,Aguardando abastecimento,IMPRODUTIVO,IMPRODUTIVO
43,Controle Visc. Ades/Verniz,IMPRODUTIVO,IMPRODUTIVO
44,% Adesivo Encontrada,IMPRODUTIVO,IMPRODUTIVO
45,Troca de Bico Dosador,IMPRODUTIVO,IMPRODUTIVO
46,Liberação de Serviço,IMPRODUTIVO,IMPRODUTIVO
48,Problema Sistema Máquina,IMPRODUTIVO,IMPRODUTIVO
50,Aguardando Casa de Tintas,IMPRODUTIVO,IMPRODUTIVO
51,Aguardando Doc. C.Q.,IMPRODUTIVO,IMPRODUTIVO
52,Troca Energia Programada,INATIVIDADE,PLANEJADO
53,Falha sem Identificação,IMPRODUTIVO,IMPRODUTIVO
54,Remanejamento de Funcionário,IMPRODUTIVO,IMPRODUTIVO
55,Amostras Máximo/Mínimo,IMPRODUTIVO,IMPRODUTIVO
56,Limpeza Flat Die,IMPRODUTIVO,IMPRODUTIVO
57,Aguardando Aquecimento / Resfriamento,IMPRODUTIVO,IMPRODUTIVO
63,Queimador,IMPRODUTIVO,IMPRODUTIVO
64,Bombas,IMPRODUTIVO,IMPRODUTIVO
65,Mangueiras Doc.Blade/Faca,IMPRODUTIVO,IMPRODUTIVO
66,Chiller,IMPRODUTIVO,IMPRODUTIVO
67,Cli. Borracha Prensa,IMPRODUTIVO,IMPRODUTIVO
69,Impacto Mecanico,IMPRODUTIVO,IMPRODUTIVO
70,Parada Programada,INATIVIDADE,PLANEJADO
72,Desvio de Processo,IMPRODUTIVO,IMPRODUTIVO
73,Higienização Pré Operacional Diária,IMPRODUTIVO,IMPRODUTIVO
75,Tampa da Bomba,IMPRODUTIVO,IMPRODUTIVO
76,Concentração de Solvente,IMPRODUTIVO,IMPRODUTIVO
77,Aguardando Derretimento de HM,IMPRODUTIVO,IMPRODUTIVO
78,Alteração de Colagem,IMPRODUTIVO,IMPRODUTIVO
79,Limpeza e Higienização para troca de serviço,IMPRODUTIVO,IMPRODUTIVO
80,Limpeza de Manutenção Mensal,IMPRODUTIVO,IMPRODUTIVO
81,Problema com Clichê  Prepress,IMPRODUTIVO,IMPRODUTIVO
82,Engenharia Divergente,IMPRODUTIVO,IMPRODUTIVO
83,Troca de Camisa,IMPRODUTIVO,IMPRODUTIVO
84,Troca do Carrinho Hotmelt,IMPRODUTIVO,IMPRODUTIVO
85,Aguardando Gramatura Adesivo/Hotmelt,INICIALIZAÇÃO,IMPRODUTIVO
86,Aguardando Gramatura Verniz/Primer,INICIALIZAÇÃO,IMPRODUTIVO
87,Aguardando Analise Fungicida,INICIALIZAÇÃO,IMPRODUTIVO
88,Aguardando Analise de Tapa Poros,INICIALIZAÇÃO,IMPRODUTIVO
89,Reajuste de Máquina,IMPRODUTIVO,IMPRODUTIVO
90,Treinamento/Orientação,INATIVIDADE,PLANEJADO
91,Problema Apontamento,IMPRODUTIVO,IMPRODUTIVO
92,Amostras Engenharia,IMPRODUTIVO,IMPRODUTIVO
93,Falta Funcionário,IMPRODUTIVO,IMPRODUTIVO
94,Preparando Maximo Minimo,IMPRODUTIVO,IMPRODUTIVO
95,Produzindo Maximo Minimo,IMPRODUTIVO,IMPRODUTIVO
96,ACERTO Clicheria,SETUP,IMPRODUTIVO
97,ACERTO Cilindro,SETUP,IMPRODUTIVO
98,ACERTO Gramatura CQ,SETUP,IMPRODUTIVO
99,Fim de Turno,FIM TURNO,PLANEJADO
101,ACERTO Limpeza máquina,SETUP,IMPRODUTIVO
102,ACERTO Pré Impressão,SETUP,IMPRODUTIVO
103,Falta de Tubete,INATIVIDADE,PLANEJADO
104,ACERTO Aguard. Assinatura Lider,SETUP,IMPRODUTIVO
105,ACERTO Aguard. Assinatura Processos,SETUP,IMPRODUTIVO
106,ACERTO Aguard. Assinatura C.Q.,SETUP,IMPRODUTIVO
110,Problema com Colagem de Clichê,IMPRODUTIVO,IMPRODUTIVO
111,Manutenção Corretiva,IMPRODUTIVO,IMPRODUTIVO
112,Falha na Programação,INATIVIDADE,PLANEJADO
113,Problema com Bobina,IMPRODUTIVO,IMPRODUTIVO
114,Parada para Limpeza,IMPRODUTIVO,IMPRODUTIVO
115,Problema com ferramental,IMPRODUTIVO,IMPRODUTIVO
116,Problema de Apontamento,IMPRODUTIVO,IMPRODUTIVO
117,Aguardando resultados análises,IMPRODUTIVO,IMPRODUTIVO
118,Aguardando decisão CQ,IMPRODUTIVO,IMPRODUTIVO
119,Aguardando documentações,IMPRODUTIVO,IMPRODUTIVO
120,Produção de provas/cartelas,IMPRODUTIVO,IMPRODUTIVO
121,Parada por testes/amostras,IMPRODUTIVO,IMPRODUTIVO
122,Decisão de liberação,IMPRODUTIVO,IMPRODUTIVO
123,Problema com laser cut,IMPRODUTIVO,IMPRODUTIVO
124,Aguardando supervisão,IMPRODUTIVO,IMPRODUTIVO
125,Acidente no trabalho,IMPRODUTIVO,IMPRODUTIVO
126,Aguardando Cilindro,IMPRODUTIVO,IMPRODUTIVO
127,Aguardando Limpeza de Peças,IMPRODUTIVO,IMPRODUTIVO
128,Clichê Danificado,IMPRODUTIVO,IMPRODUTIVO
130,Retrabalho,IMPRODUTIVO,
131,Problema no sistema,IMPRODUTIVO,
